{
  "preventPokemonDamageInPasture": true,
  "useBlackList": false,
  "damageSourceBlackList": {
    "dragon_breath": false,
    "magic": false,
    "star_platinum_arrow": false,
    "falling_anvil": false,
    "thorns": false,
    "arrow": false,
    "drown": false,
    "out_of_world": false,
    "player_attack": false,
    "banglum_nuke": false,
    "crush": false,
    "freeze": false,
    "generic_kill": false,
    "unattributed_fireball": false,
    "fake_player": false,
    "falling_stalactite": false,
    "fan_lava": false,
    "cuckoo_surprise": false,
    "in_fire": false,
    "indirect_magic": false,
    "stalagmite": false,
    "thrown": false,
    "run_over": false,
    "sonic_boom": false,
    "in_wall": false,
    "boiling": false,
    "hot_floor": false,
    "ascension": false,
    "enderman_gristle_teleport": false,
    "mob_projectile": false,
    "lightning_bolt": false,
    "sweet_berry_bush": false,
    "potato_cannon": false,
    "starve": false,
    "fireworks": false,
    "mechanical_roller": false,
    "lava": false,
    "mob_attack": false,
    "fall": false,
    "mechanical_drill": false,
    "cactus": false,
    "mechanical_saw": false,
    "player_explosion": false,
    "fireball": false,
    "mob_attack_no_aggro": false,
    "bad_respawn_point": false,
    "cramming": false,
    "trident": false,
    "wither_skull": false,
    "on_fire": false,
    "sting": false,
    "generic": false,
    "explosion": false,
    "falling_block": false,
    "outside_border": false,
    "stove_burn": false,
    "fan_fire": false,
    "dry_out": false,
    "fly_into_wall": false,
    "wither": false
  }
}