{
    "minecraft:iron_ingot": [
        {
            "attribute": "minecraft:generic.armor",
            "operation": "add_value",
            "amount": 2.0
        }
    ],
    "minecraft:diamond": [
        {
            "attribute": "minecraft:generic.armor",
            "operation": "add_value",
            "amount": 2.0
        },
        {
            "attribute": "minecraft:generic.armor_toughness",
            "operation": "add_value",
            "amount": 2.0
        }
    ],
    "minecraft:netherite_ingot": [
        {
            "attribute": "minecraft:generic.armor",
            "operation": "add_value",
            "amount": 2.0
        },
        {
            "attribute": "minecraft:generic.armor_toughness",
            "operation": "add_value",
            "amount": 2.0
        },
        {
            "attribute": "functionalarmortrim:fire_resistance",
            "operation": "add_value",
            "amount": 0.25
        }
    ],
    "minecraft:redstone": [
        {
            "attribute": "minecraft:generic.movement_speed",
            "operation": "add_multiplied_total",
            "amount": 0.1
        },
        {
            "attribute": "minecraft:generic.step_height",
            "operation": "add_value",
            "amount": 1.0
        }
    ],
    "minecraft:copper_ingot": [
        {
            "attribute": "neoforge:swim_speed",
            "operation": "add_multiplied_total",
            "amount": 0.1
        }
    ],
    "minecraft:amethyst_shard": [
        {
            "attribute": "functionalarmortrim:night_vision",
            "operation": "add_value",
            "amount": 0.25
        }
    ],
    "minecraft:lapis_lazuli": [
        {
            "attribute": "functionalarmortrim:experience_boost",
            "operation": "add_multiplied_total",
            "amount": 0.1
        }
    ],
    "minecraft:quartz": [
        {
            "attribute": "functionalarmortrim:thorns",
            "operation": "add_value",
            "amount": 1.0
        }
    ],
    "minecraft:emerald": [
        {
            "attribute": "functionalarmortrim:gossip_boost",
            "operation": "add_multiplied_total",
            "amount": 0.1
        }
    ]
}